Order;Item 1;Item 2;Item 3
1;3;31;0
2;87;67;50
3;52;70;82
4;78;14;13
5;49;0;0
6;61;3;32
7;64;40;7
8;7;59;54
9;14;67;0
10;18;52;34
11;40;0;0
12;43;52;0
13;15;29;18
14;4;69;72
15;61;40;48
16;33;74;78
17;52;1;0
18;65;1;0
19;77;0;0
20;5;48;49
21;72;50;0
22;42;88;0
23;9;20;0
24;48;37;77
25;5;0;0
26;26;1;0
27;82;8;0
28;51;38;0
29;88;89;0
30;74;42;0
31;74;77;0
32;42;13;52
33;15;0;0
34;84;89;0
35;81;0;0
36;42;31;74
37;7;51;0
38;9;88;6
39;48;0;0
40;52;40;75
41;34;5;0
42;15;33;0
43;62;18;0
44;37;0;0
45;15;26;0
46;77;49;18
47;40;59;0
48;23;63;43
49;9;0;0
50;9;0;0
51;40;0;0
52;1;20;33
53;13;0;0
54;63;74;8
55;31;1;0
56;51;18;9
57;76;15;8
58;40;60;0
59;77;33;48
60;21;77;0
61;4;50;0
62;21;76;0
63;65;33;48
64;7;49;33
65;4;36;0
66;42;8;13
67;74;66;34
68;72;71;0
69;59;43;0
70;1;36;0
71;66;42;0
72;50;38;56
73;21;42;37
74;50;88;0
75;17;0;0
76;59;0;0
77;36;0;0
78;61;52;0
79;15;40;76
80;38;36;0
81;52;0;0
82;50;90;0
83;33;76;0
84;67;15;0
85;33;0;0
86;7;84;0
87;5;33;70
88;6;25;0
89;59;50;0
90;88;59;0
91;59;52;50
92;19;15;4
93;51;40;50
94;78;77;0
95;82;34;0
96;7;59;84
97;15;49;0
98;86;0;0
99;52;77;0
100;1;14;77
101;7;1;9
102;61;72;20
103;24;13;0
104;8;88;0
105;3;77;0
106;87;32;22
107;87;77;36
108;52;5;0
109;36;37;9
110;34;48;0
111;48;28;0
112;20;20;0
113;37;77;0
114;42;49;0
115;52;59;0
116;42;24;33
117;28;42;0
118;15;0;0
119;7;66;40
120;47;34;88
121;59;23;1
122;52;40;0
123;78;0;0
124;7;0;0
125;85;7;48
126;28;8;1
127;7;62;4
128;15;30;0
129;11;3;28
130;8;83;0
131;66;0;0
132;7;77;0
133;42;0;0
134;34;40;0
135;21;0;0
136;49;75;0
137;8;1;0
138;70;59;12
139;52;5;28
140;32;1;0
141;34;10;0
142;13;81;0
143;62;0;0
144;42;0;0
145;85;59;13
146;15;17;0
147;3;84;0
148;7;87;0
149;1;50;88
150;57;84;41
151;50;63;0
152;40;1;0
153;5;78;0
154;33;9;0
155;63;0;0
156;13;0;0
157;31;22;40
158;52;0;0
159;42;84;22
160;50;59;0
161;17;34;0
162;72;0;0
163;50;42;43
164;40;74;0
165;36;0;0
166;49;84;29
167;9;50;0
168;52;34;0
169;15;14;71
170;65;0;0
171;50;28;0
172;50;38;52
173;62;4;0
174;38;87;35
175;40;36;0
176;37;82;0
177;28;1;9
178;47;6;0
179;85;9;33
180;82;0;0
181;84;59;40
182;33;82;0
183;50;26;49
184;48;0;0
185;42;38;48
186;52;38;33
187;14;82;0
188;15;23;20
189;66;48;86
190;33;4;0
191;52;38;62
192;80;74;30
193;28;20;0
194;1;78;59
195;24;57;8
196;85;27;0
197;28;0;0
198;42;77;88
199;18;90;0
200;54;26;0
201;83;1;7
202;13;42;47
203;89;0;0
204;34;29;11
205;12;0;0
206;33;59;0
207;20;9;0
208;62;0;0
209;82;90;0
210;48;52;47
211;78;1;0
212;33;10;37
213;52;0;0
214;1;42;0
215;34;37;14
216;9;21;14
217;42;22;0
218;40;1;9
219;18;52;0
220;52;9;0
221;90;23;0
222;4;23;0
223;84;47;43
224;63;0;0
225;50;59;18
226;36;25;0
227;84;0;0
228;64;88;7
229;50;52;18
230;42;88;1
231;40;50;0
232;40;82;20
233;29;4;0
234;48;75;62
235;40;0;0
236;40;0;0
237;24;48;69
238;42;90;54
239;37;0;0
240;47;21;29
241;74;0;0
242;64;84;78
243;82;76;0
244;88;0;0
245;40;84;90
246;14;82;0
247;33;82;0
248;3;63;0
249;14;15;0
250;10;66;0
251;8;66;18
252;33;9;1
253;82;33;0
254;22;0;0
255;40;30;28
256;15;0;0
257;40;41;0
258;27;70;0
259;59;14;28
260;56;0;0
261;32;9;13
262;59;88;74
263;33;0;0
264;50;76;0
265;72;76;0
266;40;57;0
267;15;13;90
268;5;89;0
269;18;0;0
270;77;30;0
271;29;59;0
272;52;59;8
273;59;6;0
274;78;58;0
275;37;52;0
276;85;64;0
277;77;31;29
278;42;0;0
279;42;49;0
280;28;0;0
281;21;0;0
282;59;0;0
283;64;66;0
284;60;0;0
285;4;25;52
286;47;59;85
287;35;77;5
288;70;30;64
289;5;0;0
290;49;46;0
291;69;0;0
292;33;42;85
293;9;33;10
294;49;43;0
295;30;27;0
296;48;69;0
297;34;57;0
298;81;8;0
299;8;0;0
300;52;9;0
301;58;7;40
302;36;80;0
303;42;53;0
304;18;42;0
305;42;47;9
306;77;9;14
307;36;42;74
308;85;63;48
309;48;40;0
310;33;0;0
311;6;50;0
312;48;15;51
313;30;34;0
314;52;37;0
315;15;22;66
316;7;4;32
317;7;42;72
318;20;50;7
319;3;0;0
320;84;38;0
321;86;70;0
322;38;73;18
323;84;0;0
324;28;82;63
325;32;18;1
326;90;0;0
327;36;52;0
328;60;61;0
329;23;10;0
330;21;44;86
331;35;7;24
332;30;48;0
333;51;78;14
334;69;0;0
335;6;3;0
336;52;28;37
337;48;31;22
338;78;0;0
339;50;0;0
340;36;87;0
341;26;78;33
342;82;49;0
343;32;28;0
344;31;52;10
345;65;25;0
346;28;0;0
347;34;29;20
348;20;33;0
349;6;69;20
350;15;22;6
351;63;18;0
352;51;0;0
353;7;66;1
354;10;48;0
355;15;54;0
356;21;36;0
357;50;0;0
358;20;43;0
359;14;0;0
360;38;22;23
361;50;61;0
362;33;84;63
363;30;66;18
364;65;63;0
365;29;43;40
366;40;7;0
367;27;0;0
368;11;42;0
369;50;37;74
370;20;15;0
371;9;74;0
372;5;76;88
373;42;0;0
374;37;26;0
375;29;88;90
376;5;36;43
377;28;22;32
378;64;15;0
379;1;40;24
380;36;78;0
381;1;0;0
382;75;33;0
383;42;72;0
384;84;10;0
385;87;72;0
386;50;30;0
387;63;76;38
388;40;0;0
389;3;76;0
390;38;42;64
391;76;8;42
392;90;59;55
393;50;37;0
394;10;32;0
395;18;17;0
396;58;15;0
397;40;74;0
398;76;0;0
399;81;63;20
400;6;82;77
401;59;54;0
402;43;89;9
403;78;1;77
404;37;20;0
405;1;56;52
406;43;59;0
407;20;11;0
408;12;43;6
409;84;11;0
410;40;77;0
411;29;3;0
412;21;33;0
413;81;0;0
414;75;0;0
415;59;9;38
416;34;50;0
417;84;48;0
418;50;55;0
419;22;42;0
420;10;51;0
421;42;5;0
422;1;15;18
423;37;42;0
424;1;57;0
425;10;88;0
426;87;36;0
427;21;40;0
428;84;15;0
429;5;17;22
430;3;82;0
431;31;52;0
432;88;0;0
433;1;36;0
434;78;77;70
435;38;20;0
436;52;15;18
437;9;90;72
438;52;49;0
439;49;37;42
440;30;21;75
441;82;33;0
442;33;0;0
443;42;18;0
444;87;15;50
445;77;36;29
446;25;33;0
447;65;28;0
448;82;22;49
449;7;42;87
450;15;0;0
451;76;47;38
452;42;75;0
453;7;0;0
454;61;14;0
455;15;30;0
456;18;1;0
457;52;40;36
458;33;42;7
459;47;0;0
460;49;42;0
461;36;0;0
462;38;13;0
463;40;34;0
464;90;18;0
465;29;25;22
466;52;22;0
467;50;58;37
468;2;0;0
469;42;15;0
470;52;28;0
471;20;0;0
472;7;5;0
473;23;51;0
474;22;76;80
475;39;50;0
476;52;21;40
477;52;1;0
478;42;0;0
479;70;28;0
480;7;58;64
481;5;86;50
482;40;1;0
483;64;84;0
484;13;0;0
485;84;0;0
486;25;21;0
487;21;15;0
488;72;42;52
489;10;74;0
490;36;4;0
491;3;80;0
492;14;76;0
493;20;42;0
494;69;78;0
495;60;0;0
496;81;20;0
497;34;10;0
498;38;0;0
499;34;65;0
500;7;16;0
501;70;1;0
502;78;48;0
503;11;59;0
504;59;5;0
505;42;15;0
506;15;57;0
507;29;76;48
508;15;52;34
509;1;33;59
510;4;82;83
511;47;36;82
512;88;8;0
513;59;0;0
514;12;13;0
515;52;18;42
516;32;42;0
517;40;84;5
518;77;47;0
519;14;0;0
520;77;55;70
521;64;37;0
522;4;52;0
523;5;49;13
524;59;33;0
525;18;84;7
526;8;77;63
527;7;50;0
528;59;40;0
529;81;0;0
530;7;28;50
531;88;0;0
532;63;58;0
533;20;36;0
534;49;38;32
535;74;83;0
536;41;59;0
537;20;4;21
538;34;23;8
539;40;70;0
540;88;34;9
541;64;0;0
542;9;51;50
543;20;0;0
544;29;81;42
545;70;49;31
546;4;0;0
547;9;0;0
548;59;63;52
549;49;0;0
550;61;63;0
551;22;0;0
552;82;0;0
553;66;86;0
554;70;42;0
555;59;63;52
556;14;25;34
557;61;49;0
558;3;4;9
559;77;20;78
560;66;0;0
561;61;6;36
562;66;42;0
563;78;1;0
564;34;8;0
565;59;77;0
566;88;28;0
567;1;9;0
568;20;0;0
569;4;86;60
570;38;43;0
571;59;1;61
572;30;11;0
573;20;49;0
574;69;50;0
575;34;49;4
576;42;0;0
577;1;33;0
578;26;74;0
579;15;71;70
580;59;0;0
581;85;63;0
582;52;49;0
583;26;3;10
584;38;14;0
585;29;15;0
586;72;0;0
587;75;33;9
588;37;0;0
589;82;42;9
590;38;0;0
591;82;43;0
592;74;22;5
593;50;29;0
594;20;34;52
595;4;42;0
596;3;42;59
597;40;61;0
598;84;85;50
599;84;40;0
600;47;0;0
601;28;0;0
602;74;42;34
603;52;4;0
604;42;72;76
605;66;63;0
606;18;74;0
607;75;18;0
608;52;82;0
609;33;4;0
610;38;0;0
611;59;84;18
612;21;22;15
613;34;7;10
614;77;32;30
615;72;82;0
616;4;59;88
617;30;0;0
618;36;80;0
619;38;4;24
620;38;0;0
621;33;28;0
622;48;6;31
623;89;32;0
624;40;42;76
625;42;85;84
626;59;15;1
627;82;41;0
628;20;64;0
629;36;64;21
630;67;38;0
631;8;75;0
632;47;0;0
633;77;13;0
634;82;52;0
635;7;14;37
636;43;70;22
637;42;20;0
638;74;0;0
639;76;49;0
640;87;34;77
641;3;28;33
642;7;10;9
643;82;63;74
644;59;85;52
645;14;76;0
646;57;25;0
647;59;69;0
648;22;20;0
649;22;59;0
650;74;9;59
651;12;59;0
652;3;78;20
653;43;69;0
654;80;77;0
655;50;29;4
656;36;9;15
657;72;1;0
658;4;64;28
659;51;9;77
660;80;28;0
661;36;0;0
662;52;0;0
663;9;88;28
664;43;1;74
665;34;0;0
666;42;9;72
667;77;74;51
668;29;90;49
669;58;88;0
670;47;0;0
671;36;1;0
672;88;48;29
673;61;15;26
674;29;56;0
675;64;52;7
676;52;31;0
677;67;33;0
678;23;77;0
679;88;0;0
680;88;59;48
681;43;42;34
682;13;76;0
683;1;48;0
684;69;3;33
685;52;34;0
686;49;28;0
687;61;82;0
688;88;1;0
689;82;34;52
690;72;42;1
691;90;0;0
692;70;59;52
693;42;33;59
694;86;65;0
695;77;90;80
696;42;84;0
697;78;48;42
698;42;59;0
699;1;61;36
700;52;35;90
701;36;7;0
702;44;0;0
703;32;0;0
704;27;63;0
705;32;7;0
706;29;0;0
707;65;0;0
708;7;0;0
709;29;0;0
710;64;28;0
711;15;83;0
712;48;17;15
713;29;77;59
714;42;5;4
715;37;47;1
716;54;61;84
717;52;0;0
718;36;0;0
719;22;40;78
720;52;87;0
721;54;66;35
722;32;28;0
723;72;42;0
724;15;34;0
725;20;34;0
726;59;36;51
727;15;3;47
728;4;37;0
729;36;42;0
730;6;72;23
731;40;7;0
732;33;20;0
733;40;86;64
734;11;42;59
735;7;9;0
736;43;0;0
737;59;33;0
738;7;52;42
739;15;64;0
740;29;7;80
741;59;33;0
742;38;15;77
743;78;88;0
744;66;69;0
745;1;42;0
746;21;0;0
747;1;33;0
748;7;42;78
749;37;43;0
750;49;84;0
751;10;0;0
752;1;13;0
753;81;88;21
754;87;59;0
755;84;20;52
756;50;49;77
757;50;0;0
758;43;77;37
759;1;36;0
760;47;59;0
761;52;26;22
762;52;1;0
763;10;0;0
764;60;0;0
765;49;20;37
766;37;64;88
767;59;0;0
768;74;9;15
769;61;35;0
770;36;40;76
771;59;4;40
772;74;85;78
773;84;13;0
774;15;37;0
775;35;28;7
776;20;59;8
777;35;88;0
778;78;90;0
779;34;8;0
780;84;33;15
781;38;8;31
782;77;17;0
783;3;34;1
784;30;5;83
785;49;0;0
786;59;5;63
787;88;0;0
788;28;5;49
789;86;88;0
790;7;31;40
791;78;38;0
792;83;0;0
793;1;0;0
794;5;15;0
795;9;14;33
796;38;59;74
797;9;86;55
798;43;84;0
799;36;52;14
800;82;33;0
801;74;77;48
802;63;1;0
803;6;49;33
804;29;20;21
805;11;9;0
806;48;42;0
807;63;0;0
808;13;10;0
809;8;84;0
810;1;17;52
811;36;0;0
812;87;25;77
813;5;74;0
814;24;48;52
815;77;40;15
816;32;37;0
817;50;49;0
818;42;21;64
819;46;61;0
820;85;0;0
821;67;22;90
822;29;70;61
823;59;0;0
824;6;0;0
825;52;37;62
826;29;77;9
827;61;0;0
828;48;42;50
829;61;54;0
830;77;9;40
831;82;17;0
832;72;38;0
833;20;0;0
834;7;48;0
835;40;58;1
836;59;48;0
837;48;89;15
838;33;52;0
839;9;61;0
840;66;1;70
841;85;38;0
842;60;28;4
843;77;0;0
844;50;1;0
845;88;52;40
846;15;34;50
847;52;75;40
848;44;1;0
849;88;3;15
850;37;21;0
851;52;42;59
852;8;15;0
853;85;52;3
854;9;27;55
855;52;15;0
856;36;65;8
857;36;64;0
858;37;34;0
859;4;0;0
860;7;14;0
861;50;52;9
862;59;88;0
863;11;7;20
864;7;59;0
865;88;34;0
866;37;71;0
867;86;74;0
868;26;72;89
869;61;0;0
870;17;59;0
871;14;25;15
872;7;21;15
873;25;86;33
874;20;0;0
875;66;35;26
876;36;52;0
877;14;77;59
878;13;0;0
879;7;0;0
880;9;0;0
881;90;50;22
882;21;63;0
883;31;0;0
884;59;64;0
885;89;29;40
886;17;66;0
887;33;0;0
888;20;37;2
889;74;77;0
890;84;34;0
891;33;77;0
892;90;14;0
893;82;88;0
894;66;0;0
895;72;48;52
896;50;74;80
897;71;77;87
898;34;50;18
899;49;15;58
900;59;48;5
901;4;0;0
902;40;25;74
903;52;88;59
904;29;0;0
905;88;43;0
906;43;0;0
907;72;37;0
908;89;0;0
909;12;49;0
910;48;0;0
911;25;78;42
912;32;22;9
913;48;88;5
914;63;28;4
915;40;88;50
916;72;0;0
917;36;74;10
918;47;87;77
919;26;33;0
920;40;32;33
921;28;5;0
922;37;48;0
923;70;0;0
924;42;15;0
925;36;40;31
926;38;6;67
927;18;0;0
928;12;33;0
929;47;0;0
930;28;38;42
931;4;8;15
932;50;88;76
933;28;15;82
934;22;0;0
935;52;24;9
936;6;37;0
937;29;21;82
938;15;42;50
939;37;0;0
940;22;0;0
941;30;18;0
942;20;33;65
943;42;0;0
944;9;52;64
945;38;52;76
946;14;51;0
947;48;13;66
948;34;76;77
949;47;58;0
950;90;25;0
951;59;34;0
952;59;0;0
953;59;1;49
954;37;49;0
955;26;66;7
956;50;38;40
957;77;63;4
958;52;66;7
959;85;0;0
960;66;20;0
961;33;76;63
962;31;69;0
963;50;77;0
964;8;61;1
965;84;20;0
966;20;52;0
967;52;51;14
968;88;57;0
969;23;15;0
970;42;81;20
971;71;0;0
972;55;0;0
973;75;63;0
974;52;30;40
975;4;21;61
976;7;47;87
977;84;33;13
978;7;70;55
979;38;0;0
980;48;77;0
981;81;80;9
982;7;23;42
983;32;77;0
984;51;77;0
985;1;88;74
986;7;77;0
987;42;1;0
988;82;15;59
989;54;55;0
990;3;70;0
991;30;4;0
992;6;50;0
993;34;87;88
994;30;7;64
995;35;1;0
996;74;0;0
997;28;36;0
998;11;12;0
999;50;48;0
1000;15;59;18
1001;21;34;72
1002;72;0;0
1003;35;40;38
1004;9;0;0
1005;60;0;0
1006;42;60;22
1007;24;0;0
1008;52;0;0
1009;76;40;0
1010;15;62;43
1011;37;7;0
1012;49;0;0
1013;54;64;72
1014;42;29;61
1015;7;17;0
1016;83;42;21
1017;36;35;18
1018;52;24;58
1019;28;65;0
1020;72;34;51
1021;19;22;50
1022;43;0;0
1023;48;0;0
1024;20;15;0
1025;42;21;50
1026;5;0;0
1027;52;9;38
1028;24;0;0
1029;21;0;0
1030;75;49;47
1031;17;74;0
1032;50;65;0
1033;14;8;0
1034;42;72;62
1035;10;0;0
1036;10;0;0
1037;83;52;0
1038;78;0;0
1039;42;35;0
1040;72;0;0
1041;26;14;38
1042;50;1;0
1043;78;8;38
1044;13;0;0
1045;74;50;31
1046;26;42;0
1047;40;76;0
1048;28;0;0
1049;88;42;0
1050;40;59;15
1051;77;55;0
1052;9;52;0
1053;70;49;0
1054;48;22;77
1055;62;0;0
1056;21;0;0
1057;11;43;0
1058;74;20;7
1059;20;89;4
1060;88;35;0
1061;35;61;21
1062;21;51;0
1063;77;20;0
1064;30;1;0
1065;49;6;59
1066;33;0;0
1067;82;52;0
1068;42;55;0
1069;6;0;0
1070;5;11;0
1071;49;42;0
1072;13;14;0
1073;14;33;0
1074;28;0;0
1075;37;77;33
1076;6;54;0
1077;86;0;0
1078;40;9;65
1079;32;33;0
1080;14;9;38
1081;81;33;0
1082;85;0;0
1083;86;88;0
1084;41;0;0
1085;1;75;0
1086;1;63;0
1087;22;77;38
1088;32;58;76
1089;52;38;7
1090;56;0;0
1091;14;74;43
1092;56;61;0
1093;43;0;0
1094;48;0;0
1095;35;32;0
1096;15;65;0
1097;52;40;0
1098;52;0;0
1099;1;72;0
1100;49;87;86
1101;58;0;0
1102;66;0;0
1103;42;84;57
1104;59;15;0
1105;37;0;0
1106;89;33;29
1107;77;0;0
1108;74;0;0
1109;50;38;0
1110;16;83;1
1111;15;89;66
1112;18;0;0
1113;74;84;8
1114;11;0;0
1115;43;75;0
1116;38;0;0
1117;42;90;15
1118;24;0;0
1119;33;4;9
1120;40;0;0
1121;28;18;2
1122;1;29;41
1123;65;30;0
1124;69;77;29
1125;58;82;0
1126;78;0;0
1127;50;9;32
1128;5;40;59
1129;61;0;0
1130;36;37;0
1131;50;0;0
1132;26;52;0
1133;8;21;33
1134;8;14;0
1135;22;78;0
1136;61;40;50
1137;1;18;0
1138;33;59;43
1139;85;86;0
1140;54;42;0
1141;14;2;0
1142;3;77;20
1143;4;11;0
1144;33;61;0
1145;72;1;0
1146;52;59;25
1147;43;59;82
1148;50;36;4
1149;86;0;0
1150;33;9;52
1151;15;0;0
1152;22;32;33
1153;40;59;0
1154;76;0;0
1155;42;84;0
1156;59;40;0
1157;33;52;78
1158;59;0;0
1159;30;74;42
1160;66;35;0
1161;76;56;0
1162;40;61;0
1163;7;9;0
1164;57;59;0
1165;77;0;0
1166;29;42;52
1167;7;64;0
1168;70;40;33
1169;84;18;7
1170;48;14;61
1171;86;20;25
1172;21;0;0
1173;40;16;29
1174;11;38;0
1175;52;6;32
1176;18;77;47
1177;77;0;0
1178;33;88;72
1179;76;14;28
1180;61;0;0
1181;74;88;12
1182;77;64;0
1183;59;0;0
1184;40;20;0
1185;59;9;0
1186;23;38;7
1187;29;40;0
1188;22;15;52
1189;88;0;0
1190;74;0;0
1191;50;17;0
1192;22;0;0
1193;47;3;88
1194;18;38;59
1195;34;22;29
1196;88;49;0
1197;14;4;29
1198;30;38;47
1199;76;20;43
1200;42;15;0
1201;15;89;0
1202;77;52;48
1203;8;51;0
1204;20;43;0
1205;77;74;38
1206;12;36;0
1207;54;31;0
1208;13;0;0
1209;37;0;0
1210;15;76;24
1211;58;0;0
1212;30;52;0
1213;37;61;0
1214;42;0;0
1215;59;38;0
1216;37;43;0
1217;7;1;0
1218;49;0;0
1219;63;14;17
1220;78;43;0
1221;70;38;0
1222;4;47;0
1223;52;49;0
1224;26;0;0
1225;20;38;0
1226;35;82;1
1227;61;52;0
1228;57;0;0
1229;4;20;77
1230;21;72;34
1231;33;13;42
1232;10;32;1
1233;22;38;0
1234;52;37;0
1235;82;61;51
1236;7;62;37
1237;88;78;0
1238;42;0;0
1239;52;0;0
1240;40;30;0
1241;1;74;0
1242;40;85;0
1243;49;22;0
1244;5;6;52
1245;65;0;0
1246;15;36;0
1247;52;85;0
1248;59;32;36
1249;15;29;11
1250;14;0;0
1251;31;59;29
1252;42;23;0
1253;42;88;0
1254;5;21;18
1255;24;72;30
1256;18;14;29
1257;33;29;24
1258;28;33;0
1259;76;59;62
1260;20;9;28
1261;74;38;0
1262;17;0;0
1263;48;63;0
1264;59;63;0
1265;38;19;0
1266;83;0;0
1267;89;64;0
1268;52;61;40
1269;42;0;0
1270;32;0;0
1271;84;38;0
1272;46;0;0
1273;1;28;0
1274;44;22;51
1275;89;77;63
1276;57;55;42
1277;36;59;31
1278;7;0;0
1279;90;59;42
1280;7;81;0
1281;38;44;3
1282;9;38;14
1283;34;17;0
1284;32;76;0
1285;57;59;0
1286;2;49;0
1287;47;87;82
1288;63;20;59
1289;14;33;7
1290;18;21;0
1291;21;50;0
1292;7;15;63
1293;61;0;0
1294;38;75;15
1295;85;0;0
1296;1;9;52
1297;77;86;0
1298;87;43;8
1299;69;0;0
1300;64;59;0
1301;64;1;0
1302;70;77;0
1303;4;0;0
1304;84;12;59
1305;12;5;34
1306;38;7;0
1307;24;59;33
1308;34;0;0
1309;7;87;0
1310;52;68;0
1311;52;76;0
1312;78;28;59
1313;29;0;0
1314;25;21;74
1315;42;36;0
1316;36;72;59
1317;50;29;13
1318;7;12;65
1319;2;76;12
1320;33;1;0
1321;77;1;68
1322;24;3;0
1323;20;52;8
1324;7;0;0
1325;48;76;9
1326;59;15;0
1327;14;0;0
1328;14;69;38
1329;77;28;22
1330;20;84;0
1331;75;0;0
1332;48;3;42
1333;88;54;75
1334;14;33;0
1335;6;84;88
1336;61;43;64
1337;59;28;0
1338;23;14;0
1339;53;0;0
1340;13;26;0
1341;37;49;0
1342;7;0;0
1343;61;9;65
1344;74;0;0
1345;88;23;0
1346;89;88;0
1347;61;53;62
1348;52;0;0
1349;86;11;12
1350;78;20;0
1351;76;77;3
1352;33;0;0
1353;3;20;0
1354;37;88;15
1355;63;42;50
1356;13;63;0
1357;78;74;28
1358;29;12;0
1359;7;0;0
1360;8;0;0
1361;74;52;59
1362;52;38;15
1363;7;29;0
1364;22;17;37
1365;66;33;0
1366;15;59;0
1367;74;88;0
1368;70;46;1
1369;8;3;5
1370;14;0;0
1371;52;74;0
1372;59;0;0
1373;50;85;63
1374;26;40;29
1375;9;86;0
1376;63;0;0
1377;5;37;67
1378;81;75;0
1379;11;0;0
1380;59;18;0
1381;88;78;0
1382;3;66;52
1383;47;78;0
1384;42;0;0
1385;56;86;0
1386;60;0;0
1387;30;0;0
1388;29;17;49
1389;70;52;36
1390;33;82;11
1391;29;16;0
1392;74;0;0
1393;38;87;1
1394;9;0;0
1395;82;15;37
1396;29;63;15
1397;59;18;0
1398;52;0;0
1399;47;8;0
1400;52;84;42
1401;38;13;56
1402;33;0;0
1403;48;19;42
1404;15;31;0
1405;88;36;0
1406;55;9;42
1407;63;0;0
1408;23;0;0
1409;15;84;72
1410;30;0;0
1411;77;0;0
1412;61;0;0
1413;10;18;0
1414;22;88;0
1415;84;42;77
1416;18;82;0
1417;80;0;0
1418;9;52;42
1419;80;68;12
1420;6;11;0
1421;58;62;0
1422;33;43;28
1423;34;85;0
1424;50;72;0
1425;47;25;70
1426;11;77;23
1427;88;0;0
1428;52;0;0
1429;17;42;0
1430;67;52;63
1431;4;0;0
1432;20;3;8
1433;34;1;0
1434;25;78;50
1435;4;58;9
1436;52;58;0
1437;67;0;0
1438;52;85;77
1439;61;34;33
1440;29;0;0
1441;17;63;86
1442;36;0;0
1443;77;9;61
1444;25;33;0
1445;88;59;50
1446;20;33;0
1447;7;14;64
1448;38;0;0
1449;37;0;0
1450;1;34;58
1451;66;56;0
1452;78;35;0
1453;40;82;0
1454;48;0;0
1455;59;52;0
1456;49;61;65
1457;18;87;0
1458;20;49;0
1459;47;52;0
1460;61;33;38
1461;88;0;0
1462;36;59;0
1463;20;6;0
1464;1;90;0
1465;38;52;66
1466;40;74;0
1467;31;0;0
1468;40;0;0
1469;20;30;0
1470;33;42;0
1471;86;15;0
1472;12;0;0
1473;42;86;20
1474;70;38;59
1475;42;52;81
1476;38;64;15
1477;28;0;0
1478;23;40;89
1479;5;8;29
1480;63;0;0
1481;52;35;0
1482;9;76;7
1483;59;0;0
1484;6;23;0
1485;88;76;82
1486;89;52;0
1487;25;38;0
1488;6;0;0
1489;44;0;0
1490;17;42;76
1491;38;15;7
1492;36;20;0
1493;81;4;0
1494;42;62;0
1495;33;48;29
1496;26;5;31
1497;88;9;52
1498;40;49;50
1499;25;15;20
1500;37;36;61
1501;42;15;77
1502;37;24;0
1503;82;88;0
1504;69;0;0
1505;72;20;49
1506;42;77;0
1507;72;59;49
1508;40;33;77
1509;15;20;0
1510;37;36;73
1511;52;33;0
1512;35;0;0
1513;30;38;48
1514;48;82;0
1515;54;21;0
1516;87;49;78
1517;20;37;83
1518;51;76;0
1519;33;47;0
1520;44;62;50
1521;42;8;0
1522;42;50;75
1523;1;66;0
1524;58;65;0
1525;22;38;74
1526;37;0;0
1527;5;64;0
1528;84;1;4
1529;6;36;0
1530;37;14;0
1531;48;86;33
1532;41;88;0
1533;88;18;77
1534;20;0;0
1535;40;77;0
1536;81;52;0
1537;77;59;20
1538;88;22;0
1539;5;0;0
1540;33;29;0
1541;29;22;4
1542;1;20;60
1543;59;72;52
1544;84;0;0
1545;49;0;0
1546;72;52;78
1547;63;66;0
1548;34;59;30
1549;61;0;0
1550;15;22;0
1551;9;35;0
1552;50;76;0
1553;5;61;0
1554;46;39;0
1555;40;18;52
1556;50;88;6
1557;50;0;0
1558;64;0;0
1559;24;1;9
1560;4;62;0
1561;84;3;0
1562;9;15;0
1563;76;33;0
1564;47;74;49
1565;4;63;0
1566;61;50;3
1567;33;49;0
1568;18;52;0
1569;18;5;52
1570;78;90;52
1571;84;47;57
1572;40;14;33
1573;65;0;0
1574;20;64;6
1575;22;9;33
1576;72;22;7
1577;3;0;0
1578;33;59;75
1579;70;1;0
1580;52;84;42
1581;14;0;0
1582;52;57;88
1583;67;0;0
1584;36;64;33
1585;88;43;0
1586;32;63;88
1587;33;88;6
1588;34;0;0
1589;14;40;0
1590;6;1;0
1591;48;36;0
1592;20;5;1
1593;65;52;24
1594;35;29;78
1595;36;0;0
1596;52;59;0
1597;7;0;0
1598;32;59;38
1599;50;18;42
1600;35;29;33
1601;4;9;0
1602;1;33;0
1603;58;59;0
1604;22;14;0
1605;74;42;38
1606;14;11;38
1607;28;9;14
1608;48;87;84
1609;61;70;15
1610;42;65;63
1611;4;0;0
1612;59;4;15
1613;42;8;0
1614;42;22;0
1615;50;40;0
1616;58;36;0
1617;15;78;59
1618;59;52;0
1619;6;0;0
1620;36;8;0
1621;10;9;0
1622;77;15;26
1623;38;71;0
1624;29;65;43
1625;76;84;32
1626;43;76;0
1627;7;5;89
1628;52;65;31
1629;41;34;74
1630;34;82;50
1631;29;22;0
1632;77;0;0
1633;42;50;0
1634;50;76;42
1635;59;81;0
1636;78;0;0
1637;80;59;88
1638;55;42;64
1639;65;31;0
1640;9;48;18
1641;31;1;3
1642;16;66;52
1643;7;18;42
1644;50;1;29
1645;24;67;0
1646;50;41;36
1647;43;0;0
1648;8;42;10
1649;34;29;0
1650;25;30;0
1651;87;46;77
1652;33;37;63
1653;35;42;15
1654;30;36;0
1655;48;11;26
1656;81;0;0
1657;64;5;0
1658;89;52;88
1659;84;9;59
1660;88;7;35
1661;18;0;0
1662;50;4;6
1663;82;52;51
1664;52;0;0
1665;86;22;31
1666;52;5;0
1667;30;37;58
1668;15;72;50
1669;48;36;28
1670;9;48;0
1671;63;37;78
1672;28;0;0
1673;50;14;4
1674;1;0;0
1675;24;33;78
1676;14;54;0
1677;66;12;55
1678;31;52;59
1679;40;49;14
1680;32;0;0
1681;37;0;0
1682;50;86;0
1683;59;62;0
1684;52;1;0
1685;43;11;40
1686;1;0;0
1687;11;82;38
1688;40;0;0
1689;9;21;84
1690;64;41;32
1691;72;14;0
1692;15;0;0
1693;38;87;86
1694;77;28;0
1695;74;0;0
1696;22;0;0
1697;40;4;0
1698;34;77;50
1699;59;55;48
1700;72;0;0
1701;37;78;0
1702;29;59;0
1703;20;14;0
1704;13;43;61
1705;14;0;0
1706;61;52;72
1707;84;8;0
1708;61;50;29
1709;66;0;0
1710;6;29;1
1711;40;54;0
1712;18;77;33
1713;52;9;0
1714;18;9;70
1715;5;3;0
1716;67;1;4
1717;59;38;8
1718;77;72;52
1719;50;90;0
1720;1;65;53
1721;80;0;0
1722;59;6;0
1723;36;81;11
1724;7;0;0
1725;42;37;74
1726;3;7;0
1727;88;0;0
1728;3;20;0
1729;82;69;7
1730;28;61;0
1731;83;88;15
1732;52;7;15
1733;30;0;0
1734;63;15;0
1735;52;15;51
1736;63;21;7
1737;74;42;0
1738;6;40;0
1739;65;4;0
1740;47;36;0
1741;11;0;0
1742;89;76;74
1743;74;69;0
1744;38;40;0
1745;14;0;0
1746;9;74;40
1747;82;9;52
1748;12;0;0
1749;89;21;0
1750;75;66;0
1751;78;0;0
1752;74;15;0
1753;84;17;40
1754;7;15;47
1755;66;42;31
1756;22;43;0
1757;7;49;12
1758;15;12;1
1759;11;77;0
1760;42;72;0
1761;3;74;29
1762;63;32;1
1763;84;88;52
1764;34;0;0
1765;70;18;0
1766;66;9;0
1767;23;49;0
1768;38;83;0
1769;42;28;43
1770;1;52;56
1771;37;28;0
1772;40;0;0
1773;81;8;42
1774;8;80;0
1775;82;9;20
1776;61;0;0
1777;17;49;0
1778;9;0;0
1779;33;0;0
1780;10;15;0
1781;5;0;0
1782;26;0;0
1783;52;70;0
1784;20;0;0
1785;84;0;0
1786;14;0;0
1787;15;37;33
1788;51;5;0
1789;48;1;20
1790;36;66;0
1791;33;18;50
1792;37;0;0
1793;63;42;74
1794;1;65;0
1795;30;9;0
1796;40;59;70
1797;82;1;0
1798;64;49;0
1799;29;14;0
1800;29;54;0
1801;11;9;0
1802;31;88;0
1803;33;77;0
1804;49;52;28
1805;9;52;69
1806;40;35;0
1807;17;19;21
1808;63;77;0
1809;15;0;0
1810;77;29;0
1811;8;24;0
1812;28;59;0
1813;8;30;76
1814;42;33;0
1815;21;50;52
1816;1;10;0
1817;90;9;42
1818;49;9;0
1819;1;0;0
1820;85;52;0
1821;52;58;0
1822;30;62;52
1823;84;1;0
1824;35;84;82
1825;61;0;0
1826;15;88;0
1827;59;28;66
1828;29;0;0
1829;66;78;0
1830;1;8;18
1831;31;0;0
1832;5;66;0
1833;6;14;0
1834;63;15;0
1835;10;63;0
1836;15;84;0
1837;18;25;88
1838;40;22;3
1839;63;0;0
1840;21;80;38
1841;59;5;0
1842;1;34;90
1843;84;59;0
1844;84;24;34
1845;20;64;0
1846;5;40;7
1847;51;29;0
1848;7;82;9
1849;90;74;0
1850;56;84;48
1851;26;50;38
1852;20;74;24
1853;77;8;11
1854;59;5;1
1855;29;0;0
1856;55;0;0
1857;72;15;82
1858;42;52;0
1859;28;43;0
1860;84;0;0
1861;62;0;0
1862;8;0;0
1863;65;77;40
1864;74;15;0
1865;36;43;40
1866;76;48;75
1867;37;32;0
1868;34;29;15
1869;37;77;0
1870;50;66;0
1871;4;77;0
1872;17;1;0
1873;77;64;0
1874;74;0;0
1875;84;42;0
1876;6;1;9
1877;51;4;0
1878;20;46;40
1879;52;0;0
1880;88;2;0
1881;5;88;30
1882;42;0;0
1883;80;72;28
1884;51;78;77
1885;6;52;0
1886;83;59;38
1887;72;10;25
1888;60;36;35
1889;82;63;40
1890;20;33;0
1891;77;75;7
1892;20;62;0
1893;37;77;7
1894;66;56;54
1895;29;0;0
1896;36;1;0
1897;1;0;0
1898;49;4;0
1899;7;9;0
1900;52;0;0
1901;63;77;0
1902;42;88;52
1903;33;78;59
1904;43;5;88
1905;1;89;34
1906;74;0;0
1907;70;76;82
1908;75;77;0
1909;1;18;0
1910;15;87;0
1911;33;82;0
1912;63;0;0
1913;34;87;0
1914;42;9;0
1915;34;77;0
1916;28;59;0
1917;50;53;0
1918;33;40;0
1919;47;32;0
1920;42;85;0
1921;20;58;49
1922;42;25;55
1923;52;27;0
1924;55;77;81
1925;78;1;0
1926;60;70;0
1927;18;11;0
1928;87;0;0
1929;69;18;63
1930;7;33;0
1931;84;14;0
1932;72;22;0
1933;1;52;0
1934;8;52;72
1935;55;28;59
1936;52;82;0
1937;78;0;0
1938;29;30;0
1939;63;78;54
1940;28;3;0
1941;14;0;0
1942;88;0;0
1943;37;66;59
1944;13;52;0
1945;5;42;74
1946;1;52;0
1947;5;0;0
1948;83;74;72
1949;64;58;69
1950;78;0;0
1951;42;20;1
1952;33;45;37
1953;50;7;37
1954;88;20;52
1955;12;29;0
1956;5;21;37
1957;59;0;0
1958;81;5;33
1959;22;78;0
1960;9;61;0
1961;88;0;0
1962;5;51;0
1963;48;4;0
1964;74;61;70
1965;48;80;0
1966;47;52;0
1967;38;0;0
1968;18;90;22
1969;20;84;30
1970;77;0;0
1971;29;38;42
1972;43;42;0
1973;5;50;33
1974;43;0;0
1975;36;1;52
1976;61;66;0
1977;38;23;0
1978;20;77;52
1979;1;33;77
1980;34;0;0
1981;76;74;36
1982;40;82;0
1983;81;36;0
1984;55;0;0
1985;13;1;49
1986;69;74;7
1987;38;59;0
1988;35;0;0
1989;15;55;40
1990;77;26;0
1991;50;36;0
1992;65;47;1
1993;30;0;0
1994;63;54;38
1995;4;69;0
1996;67;61;65
1997;6;72;0
1998;43;33;52
1999;33;6;4
2000;52;84;83
2001;35;65;0
2002;42;0;0
2003;87;0;0
2004;59;82;0
2005;66;0;0
2006;48;9;0
2007;42;15;18
2008;51;0;0
2009;63;8;57
2010;5;0;0
2011;59;21;0
2012;2;0;0
2013;51;42;0
2014;1;74;33
2015;22;67;40
2016;64;40;4
2017;43;5;0
2018;33;0;0
2019;14;9;40
2020;52;20;0
2021;15;0;0
2022;57;49;65
2023;34;1;8
2024;7;63;0
2025;66;40;0
2026;31;61;8
2027;33;74;0
2028;88;36;0
2029;42;2;1
2030;59;0;0
2031;14;0;0
2032;52;61;0
2033;20;29;0
2034;26;36;7
2035;33;72;10
2036;10;66;0
2037;72;76;0
2038;52;72;64
2039;21;40;43
2040;30;32;50
2041;82;10;52
2042;77;43;0
2043;63;40;0
2044;46;29;4
2045;64;59;0
2046;66;74;0
2047;88;22;0
2048;1;77;0
2049;7;33;1
2050;63;34;42
2051;80;38;29
2052;5;0;0
2053;82;66;0
2054;18;59;58
2055;1;74;72
2056;74;63;69
2057;34;77;75
2058;49;28;48
2059;59;0;0
2060;34;15;0
2061;43;82;0
2062;48;88;20
2063;29;3;77
2064;6;9;20
2065;11;52;0
2066;30;5;14
2067;84;29;0
2068;77;29;66
2069;5;34;9
2070;63;20;0
2071;33;37;13
2072;88;0;0
2073;34;22;74
2074;89;0;0
2075;36;40;78
2076;73;0;0
2077;47;61;69
2078;29;78;77
2079;42;0;0
2080;15;50;34
2081;66;0;0
2082;40;38;0
2083;5;0;0
2084;29;1;0
2085;36;52;17
2086;13;0;0
2087;58;88;52
2088;52;74;63
2089;30;66;34
2090;82;0;0
2091;75;0;0
2092;35;10;0
2093;4;42;0
2094;7;74;11
2095;33;23;0
2096;29;49;0
2097;31;15;42
2098;30;76;0
2099;51;88;0
2100;33;0;0
2101;72;9;0
2102;12;63;0
2103;50;66;0
2104;70;15;0
2105;14;0;0
2106;21;37;0
2107;77;0;0
2108;63;34;0
2109;59;31;0
2110;9;0;0
2111;26;28;72
2112;42;15;54
2113;43;13;0
2114;5;10;88
2115;47;50;0
2116;42;30;0
2117;88;54;0
2118;8;59;0
2119;78;88;0
2120;74;0;0
2121;64;0;0
2122;11;4;0
2123;42;63;9
2124;32;61;0
2125;48;0;0
2126;18;49;33
2127;77;9;0
2128;6;85;50
2129;36;0;0
2130;89;74;52
2131;73;24;9
2132;29;33;15
2133;84;38;87
2134;80;82;52
2135;77;59;0
2136;34;10;0
2137;42;32;0
2138;48;60;38
2139;88;64;0
2140;17;0;0
2141;29;18;76
2142;66;0;0
2143;18;26;77
2144;32;84;70
2145;76;42;29
2146;74;1;63
2147;33;49;40
2148;7;4;20
2149;40;0;0
2150;85;66;50
2151;76;89;9
2152;29;65;0
2153;49;47;0
2154;63;0;0
2155;28;0;0
2156;26;77;85
2157;42;11;0
2158;1;9;33
2159;9;0;0
2160;80;0;0
2161;88;17;6
2162;88;0;0
2163;16;0;0
2164;32;50;0
2165;44;0;0
2166;9;52;7
2167;52;0;0
2168;42;0;0
2169;33;0;0
2170;43;28;10
2171;52;1;0
2172;51;9;0
2173;88;7;75
2174;52;10;75
2175;62;29;9
2176;28;34;0
2177;14;63;9
2178;86;50;80
2179;5;33;0
2180;33;52;50
2181;49;33;43
2182;38;74;0
2183;29;43;85
2184;84;0;0
2185;52;4;0
2186;9;88;0
2187;31;34;57
2188;40;0;0
2189;42;4;0
2190;64;15;0
2191;49;0;0
2192;20;0;0
2193;42;6;78
2194;52;0;0
2195;67;8;0
2196;8;36;0
2197;52;38;54
2198;32;66;0
2199;20;30;0
2200;9;59;64
2201;42;52;82
2202;59;22;0
2203;7;48;47
2204;50;13;0
2205;90;32;37
2206;56;54;0
2207;25;11;3
2208;77;0;0
2209;32;0;0
2210;82;47;0
2211;62;42;0
2212;9;0;0
2213;8;77;0
2214;63;22;0
2215;21;76;1
2216;28;48;0
2217;85;48;43
2218;38;26;0
2219;43;9;88
2220;6;82;0
2221;54;33;27
2222;88;37;12
2223;84;10;0
2224;82;0;0
2225;84;77;28
2226;89;26;22
2227;42;33;77
2228;5;62;0
2229;4;20;0
2230;88;82;0
2231;51;88;0
2232;88;7;1
2233;4;54;0
2234;72;0;0
2235;29;38;7
2236;12;59;0
2237;48;0;0
2238;63;77;47
2239;84;38;77
2240;31;21;7
2241;64;0;0
2242;32;21;72
2243;28;24;0
2244;63;84;59
2245;13;52;0
2246;31;26;54
2247;36;77;38
2248;61;0;0
2249;1;82;0
2250;1;65;0
2251;14;57;0
2252;15;20;42
2253;32;14;0
2254;50;46;0
2255;20;74;14
2256;36;28;52
2257;42;50;0
2258;87;34;9
2259;72;33;21
2260;67;29;0
2261;15;20;0
2262;84;52;37
2263;63;0;0
2264;23;0;0
2265;40;52;0
2266;74;70;0
2267;40;0;0
2268;61;52;74
2269;48;5;66
2270;18;84;3
2271;77;17;0
2272;89;33;90
2273;13;55;0
2274;61;49;18
2275;25;38;0
2276;52;0;0
2277;29;0;0
2278;1;37;0
2279;57;29;0
2280;8;40;0
2281;15;56;86
2282;74;0;0
2283;5;48;24
2284;40;34;0
2285;82;52;0
2286;36;84;70
2287;74;1;0
2288;42;3;0
2289;38;33;52
2290;38;20;0
2291;27;77;18
2292;42;80;76
2293;84;12;0
2294;34;0;0
2295;90;15;0
2296;36;0;0
2297;22;29;8
2298;7;14;4
2299;77;30;52
2300;46;81;0
2301;36;0;0
2302;37;63;57
2303;22;6;25
2304;87;0;0
2305;75;1;38
2306;9;0;0
2307;20;0;0
2308;70;33;77
2309;15;49;5
2310;56;0;0
2311;65;89;30
2312;20;63;0
2313;77;0;0
2314;62;42;49
2315;26;42;4
2316;34;76;72
2317;52;21;0
2318;90;40;52
2319;74;0;0
2320;20;74;9
2321;55;88;0
2322;33;1;0
2323;50;0;0
2324;52;0;0
2325;1;49;0
2326;13;8;0
2327;9;66;67
2328;4;3;0
2329;15;0;0
2330;40;66;33
2331;32;59;14
2332;14;22;0
2333;88;7;76
2334;34;22;0
2335;66;0;0
2336;17;88;37
2337;18;82;8
2338;40;4;33
2339;20;66;34
2340;14;0;0
2341;60;3;42
2342;33;63;0
2343;23;8;33
2344;59;49;80
2345;7;38;33
2346;42;86;0
2347;42;0;0
2348;58;72;28
2349;57;0;0
2350;42;0;0
2351;40;0;0
2352;58;41;0
2353;52;74;0
2354;52;38;22
2355;66;9;0
2356;64;7;15
2357;28;43;81
2358;33;72;0
2359;22;0;0
2360;87;78;0
2361;82;61;72
2362;38;0;0
2363;52;0;0
2364;32;3;37
2365;40;72;0
2366;38;20;0
2367;40;76;52
2368;78;61;33
2369;52;5;71
2370;5;0;0
2371;72;87;49
2372;15;0;0
2373;47;0;0
2374;30;11;15
2375;83;63;40
2376;12;52;64
2377;59;82;0
2378;52;38;0
2379;12;37;70
2380;77;81;0
2381;77;52;59
2382;62;22;0
2383;40;86;34
2384;28;0;0
2385;66;15;50
2386;11;74;48
2387;62;0;0
2388;51;72;50
2389;59;87;0
2390;61;34;0
2391;7;55;0
2392;14;0;0
2393;49;30;0
2394;37;0;0
2395;42;36;28
2396;21;24;72
2397;82;64;0
2398;85;0;0
2399;13;82;36
2400;30;48;1
2401;37;33;0
2402;81;23;0
2403;33;81;0
2404;5;8;0
2405;52;0;0
2406;52;72;0
2407;11;59;0
2408;8;0;0
2409;77;48;0
2410;52;37;42
2411;52;33;0
2412;59;19;82
2413;63;0;0
2414;1;33;0
2415;61;42;0
2416;47;24;0
2417;52;56;50
2418;37;72;0
2419;49;33;0
2420;14;0;0
2421;74;88;0
2422;57;0;0
2423;42;0;0
2424;88;0;0
2425;7;18;6
2426;48;7;32
2427;43;30;0
2428;51;38;59
2429;50;52;0
2430;86;31;85
2431;62;82;18
2432;52;77;84
2433;35;4;0
2434;67;0;0
2435;82;0;0
2436;43;0;0
2437;74;0;0
2438;26;87;0
2439;29;11;0
2440;15;9;79
2441;14;33;0
2442;62;28;38
2443;4;13;52
2444;30;74;0
2445;59;88;0
2446;47;35;0
2447;34;15;37
2448;26;64;34
2449;90;40;18
2450;48;40;55
2451;42;52;0
2452;88;0;0
2453;65;6;59
2454;1;0;0
2455;20;59;77
2456;21;9;0
2457;70;54;64
2458;28;42;48
2459;69;0;0
2460;76;0;0
2461;59;5;25
2462;31;18;0
2463;64;59;0
2464;37;9;59
2465;88;29;66
2466;7;0;0
2467;52;0;0
2468;81;0;0
2469;5;35;74
2470;40;83;57
2471;15;43;22
2472;87;0;0
2473;22;5;29
2474;59;0;0
2475;4;0;0
2476;43;49;8
2477;85;59;0
2478;37;52;34
2479;13;47;0
2480;77;0;0
2481;34;64;20
2482;75;0;0
2483;40;0;0
2484;52;21;59
2485;51;0;0
2486;84;14;0
2487;52;48;0
2488;49;6;0
2489;22;50;0
2490;36;43;64
2491;18;0;0
2492;50;47;0
2493;52;77;20
2494;37;65;0
2495;8;29;0
2496;88;76;0
2497;77;0;0
2498;23;0;0
2499;42;18;0
2500;33;52;0
2501;24;64;0
2502;10;49;0
2503;84;6;46
2504;76;22;25
2505;54;13;0
2506;30;0;0
2507;20;64;37
2508;33;52;59
2509;82;28;33
2510;78;59;84
2511;33;50;0
2512;40;1;0
2513;15;25;43
2514;38;32;17
2515;33;4;0
2516;1;18;54
2517;37;88;0
2518;90;6;40
2519;88;0;0
2520;48;32;33
2521;37;34;63
2522;24;74;65
2523;48;77;0
2524;9;76;82
2525;20;86;5
2526;48;37;0
2527;52;67;74
2528;69;4;18
2529;14;30;0
2530;58;0;0
2531;36;50;87
2532;37;22;0
2533;36;74;0
2534;42;0;0
2535;83;52;14
2536;36;0;0
2537;8;0;0
2538;6;38;0
2539;5;51;1
2540;28;3;0
2541;32;15;0
2542;24;0;0
2543;10;22;33
2544;42;34;0
2545;37;33;0
2546;36;0;0
2547;70;11;59
2548;64;0;0
2549;84;82;52
2550;56;18;36
2551;8;66;40
2552;37;49;7
2553;88;52;0
2554;33;63;1
2555;4;22;0
2556;89;0;0
2557;59;1;0
2558;38;33;43
2559;4;86;0
2560;52;34;40
2561;49;59;0
2562;56;67;28
2563;66;28;0
2564;84;9;0
2565;76;59;64
2566;7;33;0
2567;40;0;0
2568;15;33;0
2569;42;36;74
2570;20;47;87
2571;15;9;70
2572;29;17;78
2573;85;42;0
2574;42;78;38
2575;34;47;18
2576;1;33;5
2577;66;70;0
2578;44;40;0
2579;56;88;0
2580;54;52;0
2581;36;52;0
2582;82;49;10
2583;18;50;9
2584;61;42;33
2585;4;88;84
2586;13;90;7
2587;72;0;0
2588;56;87;0
2589;40;0;0
2590;66;63;0
2591;59;0;0
2592;22;57;84
2593;7;48;49
2594;72;30;0
2595;1;0;0
2596;52;20;0
2597;77;75;88
2598;72;4;0
2599;78;31;0
2600;7;83;76
2601;72;22;0
2602;64;15;43
2603;74;15;0
2604;88;74;43
2605;70;0;0
2606;33;36;0
2607;59;12;43
2608;48;42;0
2609;88;19;17
2610;15;33;0
2611;40;50;80
2612;7;70;0
2613;38;7;9
2614;18;0;0
2615;21;40;3
2616;59;77;15
2617;88;30;1
2618;42;30;0
2619;21;5;0
2620;7;42;0
2621;49;0;0
2622;63;42;47
2623;25;65;37
2624;76;55;42
2625;1;59;85
2626;21;8;0
2627;3;0;0
2628;9;88;0
2629;42;49;0
2630;61;42;0
2631;85;33;0
2632;48;8;0
2633;52;33;59
2634;59;0;0
2635;5;78;0
2636;84;76;0
2637;15;29;0
2638;36;35;7
2639;24;0;0
2640;33;0;0
2641;89;0;0
2642;36;22;0
2643;4;1;7
2644;52;4;81
2645;34;28;42
2646;37;0;0
2647;5;0;0
2648;78;89;9
2649;59;55;0
2650;84;25;38
2651;77;15;0
2652;48;34;36
2653;15;58;59
2654;78;0;0
2655;13;22;0
2656;36;86;59
2657;9;82;0
2658;15;26;52
2659;5;0;0
2660;74;78;0
2661;85;32;37
2662;64;0;0
2663;61;0;0
2664;64;0;0
2665;46;66;0
2666;74;42;40
2667;37;59;0
2668;63;0;0
2669;70;83;0
2670;38;88;0
2671;48;32;0
2672;9;42;6
2673;49;88;0
2674;85;7;36
2675;52;0;0
2676;70;76;64
2677;74;63;48
2678;50;9;0
2679;30;88;42
2680;29;47;31
2681;52;49;0
2682;36;22;0
2683;9;0;0
2684;59;0;0
2685;38;74;0
2686;3;28;6
2687;16;9;0
2688;17;0;0
2689;84;22;0
2690;11;52;0
2691;36;0;0
2692;50;10;0
2693;67;64;13
2694;21;72;77
2695;35;0;0
2696;49;29;60
2697;42;58;0
2698;38;33;77
2699;52;40;0
2700;74;63;88
2701;50;9;52
2702;59;38;0
2703;22;77;57
2704;26;0;0
2705;58;48;80
2706;6;11;63
2707;52;88;61
2708;4;49;77
2709;36;82;52
2710;49;74;6
2711;14;0;0
2712;15;0;0
2713;40;0;0
2714;28;33;51
2715;10;24;26
2716;37;81;0
2717;49;51;50
2718;1;20;0
2719;1;7;58
2720;48;1;0
2721;52;49;0
2722;63;9;0
2723;38;5;63
2724;63;0;0
2725;25;49;52
2726;9;0;0
2727;64;1;72
2728;50;88;18
2729;37;0;0
2730;38;0;0
2731;33;34;22
2732;38;36;0
2733;50;38;0
2734;3;11;0
2735;40;63;1
2736;67;22;37
2737;15;9;42
2738;74;4;0
2739;40;82;24
2740;69;7;30
2741;21;23;42
2742;34;0;0
2743;8;81;0
2744;36;84;33
2745;32;50;22
2746;36;31;40
2747;46;0;0
2748;28;89;47
2749;50;1;82
2750;51;36;7
2751;25;21;0
2752;15;9;0
2753;52;15;0
2754;10;40;5
2755;63;40;0
2756;57;26;0
2757;9;0;0
2758;59;62;0
2759;29;0;0
2760;76;37;0
2761;77;65;0
2762;50;34;52
2763;88;37;77
2764;7;52;0
2765;28;40;61
2766;61;29;59
2767;35;0;0
2768;42;14;0
2769;58;30;72
2770;29;32;0
2771;34;88;0
2772;16;7;0
2773;58;3;49
2774;17;42;0
2775;63;34;0
2776;59;23;10
2777;15;25;0
2778;9;5;0
2779;59;90;23
2780;82;0;0
2781;4;64;52
2782;52;61;18
2783;15;37;0
2784;7;64;37
2785;9;25;0
2786;48;87;0
2787;55;42;0
2788;61;0;0
2789;49;1;0
2790;35;42;2
2791;40;0;0
2792;84;20;61
2793;48;8;0
2794;52;54;0
2795;20;0;0
2796;49;88;0
2797;18;61;0
2798;84;4;33
2799;62;84;0
2800;13;32;49
2801;28;77;47
2802;88;20;75
2803;36;33;0
2804;48;33;52
2805;29;0;0
2806;9;0;0
2807;77;8;66
2808;49;82;0
2809;72;1;0
2810;52;17;0
2811;77;0;0
2812;28;7;33
2813;9;0;0
2814;42;50;49
2815;21;52;1
2816;78;47;36
2817;59;38;77
2818;88;49;0
2819;51;0;0
2820;57;1;0
2821;3;0;0
2822;64;82;52
2823;52;48;51
2824;6;15;32
2825;9;0;0
2826;76;36;72
2827;33;76;25
2828;33;0;0
2829;77;36;5
2830;84;15;88
2831;13;76;0
2832;52;28;0
2833;1;85;48
2834;22;0;0
2835;14;37;0
2836;15;0;0
2837;5;33;38
2838;31;36;13
2839;12;81;0
2840;18;80;81
2841;40;0;0
2842;36;0;0
2843;88;59;20
2844;16;57;7
2845;77;33;0
2846;52;38;33
2847;43;50;12
2848;71;23;20
2849;64;40;5
2850;14;0;0
2851;89;0;0
2852;66;40;0
2853;61;10;20
2854;3;11;77
2855;63;23;12
2856;23;8;42
2857;17;0;0
2858;8;64;77
2859;9;62;0
2860;38;60;0
2861;63;62;64
2862;63;60;0
2863;34;90;2
2864;65;0;0
2865;78;20;1
2866;85;0;0
2867;38;8;30
2868;63;0;0
2869;33;0;0
2870;49;0;0
2871;42;66;0
2872;58;61;0
2873;87;0;0
2874;49;88;90
2875;23;49;0
2876;7;8;63
2877;14;15;48
2878;43;37;83
2879;25;40;29
2880;38;1;72
2881;85;20;0
2882;38;5;66
2883;40;78;0
2884;69;10;0
2885;30;5;6
2886;76;29;15
2887;52;59;37
2888;77;78;11
2889;30;42;0
2890;78;1;0
2891;85;29;32
2892;48;31;0
2893;42;30;14
2894;38;21;0
2895;66;87;0
2896;40;0;0
2897;14;58;0
2898;29;31;15
2899;87;20;0
2900;62;77;0
2901;7;0;0
2902;4;82;78
2903;7;0;0
2904;78;15;52
2905;18;7;38
2906;5;14;0
2907;11;15;71
2908;62;84;0
2909;55;0;0
2910;7;8;64
2911;1;74;0
2912;31;77;1
2913;21;65;0
2914;18;58;7
2915;72;37;0
2916;28;0;0
2917;74;38;0
2918;6;0;0
2919;8;88;50
2920;25;4;0
2921;34;14;15
2922;33;28;0
2923;7;0;0
2924;47;0;0
2925;15;9;0
2926;17;1;0
2927;76;50;0
2928;3;6;0
2929;72;0;0
2930;58;7;12
2931;70;0;0
2932;65;15;60
2933;74;85;20
2934;50;0;0
2935;3;42;0
2936;40;0;0
2937;40;1;5
2938;48;88;64
2939;88;20;31
2940;76;5;47
2941;53;40;0
2942;52;17;0
2943;15;76;1
2944;20;65;38
2945;42;63;52
2946;63;52;36
2947;9;0;0
2948;29;0;0
2949;9;59;55
2950;3;77;52
2951;88;18;0
2952;20;51;0
2953;34;42;22
2954;55;59;24
2955;1;55;37
2956;31;8;20
2957;8;42;1
2958;18;31;0
2959;3;87;0
2960;56;52;42
2961;36;52;0
2962;25;0;0
2963;4;9;52
2964;32;63;0
2965;27;18;43
2966;40;0;0
2967;5;40;33
2968;9;0;0
2969;59;0;0
2970;15;47;18
2971;71;78;48
2972;37;52;33
2973;84;0;0
2974;21;0;0
2975;86;37;42
2976;63;0;0
2977;15;77;35
2978;5;49;0
2979;28;20;0
2980;50;59;0
2981;83;77;0
2982;4;0;0
2983;52;38;0
2984;87;7;70
2985;18;20;77
2986;22;0;0
2987;9;34;70
2988;1;70;0
2989;34;88;84
2990;88;15;59
2991;22;48;14
2992;38;42;36
2993;74;49;38
2994;22;37;0
2995;4;18;20
2996;2;23;0
2997;40;14;0
2998;88;29;0
2999;37;59;0
3000;52;23;42
